Email,Name,CreditScore,CreditLines,MaskedPhoneNumber
user1@example.com,Isla Harrington,723,2,***-***-2133
user2@example.com,Tina Townsend,827,1,***-***-6589
user3@example.com,Elijah Allison,724,5,***-***-8468
user4@example.com,Ruth Oneal,737,1,***-***-2260
user5@example.com,Ariana Mendez,784,5,***-***-5248
user6@example.com,Amelia Meadows,604,4,***-***-9387
user7@example.com,Steven Ortega,817,5,***-***-0185
user8@example.com,Piper Garza,632,2,***-***-2667
user9@example.com,Sophia Bell,827,1,***-***-6778
user10@example.com,Charleigh Joseph,637,1,***-***-1603
user11@example.com,Lydia Gallegos,658,4,***-***-3659
user12@example.com,Olivia Kelly,536,1,***-***-7244
user13@example.com,Yvonne Hart,671,1,***-***-2915
user14@example.com,Walter Patel,819,2,***-***-7547
user15@example.com,Skylar Mcclain,575,1,***-***-2799
user16@example.com,Samantha Hancock,804,3,***-***-5695
user17@example.com,Alice Watson,509,1,***-***-1809
user18@example.com,Remi Clarke,656,4,***-***-5165
user19@example.com,Teagan Moran,818,2,***-***-7117
user20@example.com,Teagan Robertson,844,4,***-***-2211
user21@example.com,Vivienne Harrington,560,4,***-***-4371
user22@example.com,Charlie Lee,557,2,***-***-3212
user23@example.com,Kara Mcgee,638,4,***-***-2320
user24@example.com,Aurora Roberson,837,3,***-***-2358
user25@example.com,Daniel Arnold,516,5,***-***-7923
user26@example.com,Michael Roth,784,1,***-***-1199
user27@example.com,Ellie Ballard,738,2,***-***-1596
user28@example.com,Lucas Anthony,722,4,***-***-1049
user29@example.com,Fiona Romero,775,2,***-***-2184
user30@example.com,Tessa Klein,518,1,***-***-8343
user31@example.com,Alivia Barrera,775,3,***-***-0009
user32@example.com,Grace Sherman,847,1,***-***-0295
user33@example.com,Amelia Quinn,801,3,***-***-9004
user34@example.com,Rylee Fitzpatrick,593,4,***-***-6152
user35@example.com,Piper Pruitt,809,3,***-***-1909
user36@example.com,Sophie Wagner,677,1,***-***-4527
user37@example.com,John Avila,528,1,***-***-9355
user38@example.com,Violet Bishop,645,5,***-***-5064
user39@example.com,Jane Black,590,2,***-***-0059
user40@example.com,Blakely James,527,2,***-***-3628
user41@example.com,Aaron Lewis,720,3,***-***-1489
user42@example.com,Ember Bowen,761,3,***-***-5425
user43@example.com,Charleigh Ruiz,738,2,***-***-2745
user44@example.com,Madeline Hull,761,3,***-***-2415
user45@example.com,Quincy Lang,514,5,***-***-4358
user46@example.com,Nina Hawkins,706,3,***-***-7144
user47@example.com,Sophia Maldonado,823,3,***-***-0903
user48@example.com,Hazel Ruiz,642,2,***-***-6435
user49@example.com,Zach Becker,749,4,***-***-6814
user50@example.com,Emerson Edwards,716,3,***-***-2877
user51@example.com,Piper Diaz,779,2,***-***-4635
user52@example.com,Fiona Davidson,618,3,***-***-3044
user53@example.com,Charlie Montoya,641,1,***-***-6526
user54@example.com,Alice Miles,771,2,***-***-2820
user55@example.com,Caleb Powers,566,3,***-***-5480
user56@example.com,Skylar Huff,808,4,***-***-2552
user57@example.com,Aubrey Collins,809,2,***-***-1236
user58@example.com,Trent Greene,848,1,***-***-1211
user59@example.com,Wendy Kerr,677,4,***-***-2924
user60@example.com,Aspen Graham,761,5,***-***-8126
user61@example.com,Finley Duran,571,3,***-***-2098
user62@example.com,Presley Ruiz,771,1,***-***-5015
user63@example.com,Adeline Molina,639,3,***-***-4624
user64@example.com,Ella Patton,835,1,***-***-0659
user65@example.com,Delilah Reyes,543,2,***-***-2992
user66@example.com,Mia Calhoun,623,2,***-***-0028
user67@example.com,Kennedy West,561,1,***-***-2894
user68@example.com,Genesis Chang,647,4,***-***-2503
user69@example.com,Valentina Taylor,709,4,***-***-5549
user70@example.com,Victor Valentine,741,5,***-***-8526
user71@example.com,Nevaeh Phillips,702,4,***-***-0322
user72@example.com,Sophia Dyer,784,4,***-***-5193
user73@example.com,Wren Valdez,830,1,***-***-2324
user74@example.com,Arya Curtis,671,5,***-***-1084
user75@example.com,Carter Gates,523,4,***-***-0053
user76@example.com,Ulysses Potts,763,3,***-***-2776
user77@example.com,Emerson Harding,794,5,***-***-4283
user78@example.com,Nevaeh Fry,781,2,***-***-9744
user79@example.com,Charlie Wilkerson,504,3,***-***-8067
user80@example.com,David Ortiz,670,2,***-***-5954
user81@example.com,Charleigh Boyle,612,4,***-***-4387
user82@example.com,Reagan Juarez,622,2,***-***-1719
user83@example.com,Violet Little,533,5,***-***-1323
user84@example.com,Michael Montgomery,573,1,***-***-1546
user85@example.com,Harper Swanson,754,2,***-***-1271
user86@example.com,Lillian Joseph,774,2,***-***-0378
user87@example.com,Alina Delgado,729,1,***-***-6736
user88@example.com,Serenity Davis,730,5,***-***-1107
user89@example.com,Bailey Rose,595,2,***-***-9666
user90@example.com,Bob Hall,515,1,***-***-9173
user91@example.com,Addison Patel,768,4,***-***-8365
user92@example.com,Eliana Huang,775,2,***-***-8491
user93@example.com,Liliana Cline,786,2,***-***-7129
user94@example.com,Evan Parrish,641,5,***-***-8680
user95@example.com,Elliana Arias,625,3,***-***-4218
user96@example.com,Michelle Hogan,749,4,***-***-2070
user97@example.com,Elliana Townsend,617,2,***-***-2437
user98@example.com,Quinn Dodson,833,2,***-***-5269
user99@example.com,Aspyn Welch,552,3,***-***-0170
user100@example.com,Kehlani Mathews,619,3,***-***-8089
user101@example.com,Nora Mccoy,794,4,***-***-8328
user102@example.com,Nina Calderon,657,5,***-***-5511
user103@example.com,Ruby Calderon,694,2,***-***-7329
user104@example.com,Lucy Dawson,703,3,***-***-9315
user105@example.com,Eliana Randolph,614,1,***-***-9382
user106@example.com,Everly Mcmahon,740,1,***-***-0521
user107@example.com,Quinn Gregory,688,2,***-***-2674
user108@example.com,Jane Potts,609,5,***-***-8873
user109@example.com,Ian Valenzuela,744,1,***-***-1753
user110@example.com,Evelyn Gilbert,565,5,***-***-3431
user111@example.com,Diana Rice,770,4,***-***-1710
user112@example.com,Hannah Bautista,550,2,***-***-2973
user113@example.com,Lucas Pratt,632,2,***-***-9158
user114@example.com,Brooklyn Bailey,698,4,***-***-0623
user115@example.com,Cora Glenn,824,1,***-***-2558
user116@example.com,Nathan Snow,806,2,***-***-3891
user117@example.com,Sadie Taylor,651,5,***-***-4566
user118@example.com,Sophia Deleon,655,3,***-***-5569
user119@example.com,Wendy Flores,700,3,***-***-1713
user120@example.com,Harper Robinson,548,5,***-***-4494
user121@example.com,Kennedy Fuller,743,4,***-***-3183
user122@example.com,Daniel Mcdaniel,726,3,***-***-0977
user123@example.com,Avery Acosta,717,2,***-***-4183
user124@example.com,Logan Rowe,689,3,***-***-0420
user125@example.com,David Shaffer,634,3,***-***-0464
user126@example.com,Catherine Gould,832,3,***-***-3998
user127@example.com,Valeria Beard,659,2,***-***-6692
user128@example.com,Emerson Garcia,784,2,***-***-0731
user129@example.com,Ben Andrews,675,5,***-***-7155
user130@example.com,Leah Lin,628,1,***-***-6533
user131@example.com,Mila Robbins,785,5,***-***-8922
user132@example.com,Matthew Cross,804,2,***-***-4269
user133@example.com,Piper Herrera,541,2,***-***-4461
user134@example.com,Josephine Alvarado,819,3,***-***-5226
user135@example.com,Caroline Bishop,569,3,***-***-6644
user136@example.com,Marley Jackson,659,4,***-***-7982
user137@example.com,Amaya Dominguez,635,2,***-***-1715
user138@example.com,Ella Arnold,636,2,***-***-1510
user139@example.com,Peyton Farmer,588,3,***-***-9853
user140@example.com,Aliyah Barron,764,3,***-***-5183
user141@example.com,Claire Logan,517,1,***-***-2310
user142@example.com,Lily Buck,774,1,***-***-8065
user143@example.com,Emerson May,667,1,***-***-4151
user144@example.com,Delilah Johns,560,3,***-***-7854
user145@example.com,Delilah Parrish,845,5,***-***-4568
user146@example.com,Nevaeh Morales,586,1,***-***-3022
user147@example.com,Kehlani Elliott,545,2,***-***-0860
user148@example.com,Nevaeh Barker,539,4,***-***-7193
user149@example.com,Joy Simmons,796,1,***-***-3721
user150@example.com,Everly Bryant,788,4,***-***-9487
user151@example.com,Jack Kent,630,4,***-***-7778
user152@example.com,Charleigh Gallagher,597,4,***-***-1339
user153@example.com,Brielle Dorsey,566,4,***-***-6081
user154@example.com,Owen Burns,627,4,***-***-5745
user155@example.com,Caleb Hendricks,692,4,***-***-1084
user156@example.com,Autumn Berger,591,2,***-***-8075
user157@example.com,Elise Ferguson,697,4,***-***-1890
user158@example.com,Ella Carroll,790,5,***-***-8572
user159@example.com,Fiona Roberson,807,2,***-***-5129
user160@example.com,Elise Salas,735,5,***-***-0870
user161@example.com,Caroline Dunlap,820,1,***-***-3408
user162@example.com,Wren Lin,848,3,***-***-0904
user163@example.com,Eleanor Palmer,665,4,***-***-5641
user164@example.com,Julia Lester,626,1,***-***-8055
user165@example.com,Aiden Brock,509,2,***-***-0446
user166@example.com,Isabella Vaughn,723,4,***-***-3576
user167@example.com,Ian Salinas,565,4,***-***-7149
user168@example.com,Faith Love,656,5,***-***-6336
user169@example.com,Henry Thornton,744,3,***-***-3495
user170@example.com,Kehlani Wilkins,807,4,***-***-2383
user171@example.com,Logan Meyer,751,5,***-***-0887
user172@example.com,Angelina Koch,669,2,***-***-7510
user173@example.com,Quinn Woods,551,5,***-***-4432
user174@example.com,Raelynn Gates,783,2,***-***-2359
user175@example.com,Rachel Cervantes,550,3,***-***-6179
user176@example.com,Nina Roth,651,1,***-***-4715
user177@example.com,Logan Pugh,591,3,***-***-6876
user178@example.com,Peyton Baxter,580,5,***-***-5642
user179@example.com,Aubrey Everett,735,2,***-***-9888
user180@example.com,Elijah Dominguez,578,5,***-***-5991
user181@example.com,Leo James,740,4,***-***-6850
user182@example.com,Steven Blake,748,5,***-***-9239
user183@example.com,Oscar Lucas,664,2,***-***-4673
user184@example.com,Mia Pineda,736,5,***-***-6445
user185@example.com,David Frederick,714,5,***-***-0594
user186@example.com,Nevaeh Hahn,759,4,***-***-9526
user187@example.com,Annalise Pitts,625,5,***-***-4252
user188@example.com,Phoebe Simmons,695,4,***-***-5740
user189@example.com,Vince Rogers,501,2,***-***-0793
user190@example.com,Kimberly Shepard,510,2,***-***-2737
user191@example.com,Evelyn Pruitt,680,3,***-***-2183
user192@example.com,Aurora Jennings,600,5,***-***-8488
user193@example.com,Everly Chen,796,1,***-***-9005
user194@example.com,Trent Mcclain,662,1,***-***-3101
user195@example.com,Zach Lee,566,3,***-***-2127
user196@example.com,Zara Collier,544,2,***-***-0037
user197@example.com,Kaylee Pitts,810,5,***-***-9682
user198@example.com,Emma Berry,632,4,***-***-2652
user199@example.com,Uma Chang,850,1,***-***-3404
user200@example.com,Phoebe Walsh,678,2,***-***-6821
